OBJECTID,COUNTYNAME,COUNTYFIPS,COUNTYGNIS,NAME_UCASE,POP_1990,POP_2000,ACRES,SQ_MILES,CNTY_SEAT,CO_CLASS,ShapeSTArea,ShapeSTLength
1,Clark,045,758477,CLARK,7547,7416,327632.419997,511.92565625,Kahoka,3,1325887115.86792,164046.437172083
2,Atchison,005,758457,ATCHISON,7457,6430,351990.513001,549.98517656,Rock Port,3,1424484656.53101,183529.686005482
3,Scotland,199,758552,SCOTLAND,4822,4983,280948.966704,438.98276048,Memphis,3,1136968418.48291,135147.562404887
4,Schuyler,197,758551,SCHUYLER,4236,4170,197084.747448,307.94491789,Lancaster,3,797577135.377197,156174.553037376
5,Nodaway,147,758528,NODAWAY,21709,21912,561734.05259,877.70945717,Maryville,3,2273255076.77686,212568.36065221
6,Putnam,171,758540,PUTNAM,5079,5223,332103.314181,518.91142841,Unionville,3,1343983420.58447,210409.615118476
7,Worth,227,758566,WORTH,2440,2382,170725.054101,266.75789703,Grant City,3,690902775.192383,112108.558585603
8,Mercer,129,758519,MERCER,3723,3757,290899.040545,454.52975085,Princeton,3,1177231753.06213,138797.658040743
9,Harrison,081,758495,HARRISON,8469,8850,464591.767708,725.92463704,Bethany,3,1880144328.55408,177341.522521324
10,Gentry,075,758492,GENTRY,6848,6861,314723.661713,491.75572143,Albany,3,1273646992.41772,143259.379265135
11,Sullivan,211,758558,SULLIVAN,6326,7219,416681.520326,651.06487551,Milan,3,1686236905.8114,164531.052876027
12,Adair,001,765805,ADAIR,24577,24977,364190.046383,569.04694747,Kirksville,3,1473840289.83667,155201.834326284
13,Knox,103,758506,KNOX,4482,4361,324121.046164,506.43913463,Edina,3,1311687272.05713,145916.499679708
14,Holt,087,758498,HOLT,6034,5351,301175.948181,470.58741903,Oregon,3,1218809513.86035,206749.593758642
15,Grundy,079,758494,GRUNDY,10536,10432,280124.544873,437.69460136,Trenton,3,1133622229.54102,135425.395198211
16,Lewis,111,758510,LEWIS,10233,10494,326758.114344,510.55955366,Monticello,3,1322348913.46289,153405.978306538
17,Andrew,003,758456,ANDREW,14632,16492,279329.741991,436.45272186,Savannah,3,1130412261.48425,163184.608284674
18,Daviess,061,758485,DAVIESS,7865,8016,364091.349471,568.89273355,Gallatin,3,1473438308.2301,155428.844872216
19,DeKalb,063,758486,DEKALB,9967,11597,272330.563356,425.51650524,Maysville,3,1102087469.7666,132781.343861094
20,Macon,121,758514,MACON,15345,15762,519596.070211,811.8688597,Macon,3,2102742470.78076,191080.88222603
21,Linn,115,758512,LINN,13885,13754,397322.266312,620.81604111,Linneus,3,1607925324.89771,161628.806626185
22,Livingston,117,758513,LIVINGSTON,14592,14558,344478.236213,538.24724408,Chillicothe,3,1394035083.20312,170999.524769398
23,Shelby,205,758555,SHELBY,6942,6799,321195.261283,501.86759575,Shelbyville,3,1299836752.50488,154159.861293837
24,Buchanan,021,758465,BUCHANAN,83083,85998,265600.411477,415.00064293,St Joseph,1,1074849560.05566,161286.76000647
25,Caldwell,025,758467,CALDWELL,8380,8969,274777.912982,429.34048903,Kingston,3,1112011124.99402,134847.890188321
26,Clinton,049,758479,CLINTON,16595,18979,270979.359147,423.40524867,Plattsburg,3,1096549714.11487,132334.910946861
27,Chariton,041,758475,CHARITON,9202,8438,490533.889636,766.45920256,Keytesville,3,1985147408.88403,232822.59701778
28,Ralls,173,758541,RALLS,8476,9626,309219.499795,483.15546843,New London,3,1251372357.61694,159363.702903383
29,Carroll,033,758471,CARROLL,10748,10285,448610.26383,700.95353723,Carrollton,3,1815469212.26648,244814.366000629
30,Pike,163,758536,PIKE,15969,18351,439879.986273,687.31247855,Bowling Green,3,1780138888.35278,195251.936066605
31,Randolph,175,758542,RANDOLPH,24370,24663,311958.865689,487.43572764,Huntsville,3,1262469378.84082,141312.981524507
32,Ray,177,758543,RAY,21971,23354,367213.939854,573.77178102,Richmond,3,1486068334.43884,176432.660578666
33,Platte,165,758537,PLATTE,57867,73781,273240.607319,426.93844894,Platte City,1,1105770736.61914,162230.247807087
34,Clay,047,758478,CLAY,153411,184006,261441.366704,408.50213548,Liberty,1,1058051946.04419,151974.452964061
35,Audrain,007,758458,AUDRAIN,23599,25853,445651.750121,696.33085956,Mexico,3,1803529166.85059,215692.879438462
36,Saline,195,758550,SALINE,23523,23756,490452.589356,766.33217087,Marshall,4,1984799838.30603,217275.906029056
37,Howard,089,758499,HOWARD,9631,10212,301441.217336,471.00190209,Fayette,3,1219903630.97632,146537.174370656
38,Boone,019,758464,BOONE,112379,135454,441903.703148,690.47453617,Columbia,1,1788301578.86694,223300.389732706
39,Lincoln,113,758511,LINCOLN,28892,38944,409969.461353,640.57728336,Troy,2,1659094768.05151,199880.206828884
40,Lafayette,107,758508,LAFAYETTE,31107,32960,408425.388672,638.1646698,Lexington,4,1652866098.797,208575.683303094
41,Jackson,095,758502,JACKSON,633232,654880,394101.428251,615.78348164,Independence,1,1594822765.41858,174882.725144505
42,Montgomery,139,758524,MONTGOMERY,11355,12136,345937.382245,540.52715976,Montgomery City,3,1399965009.26953,165877.179359702
43,Callaway,027,758468,CALLAWAY,32809,40766,541959.026534,846.81097896,Fulton,2,2193175394.04883,222627.581066227
44,Warren,219,758562,WARREN,19534,24525,280060.805523,437.59500863,Warrenton,3,1133370804.49146,170081.862350033
45,Cooper,053,758481,COOPER,14835,16670,363902.302105,568.59734704,Boonville,3,1472666774.03027,159185.593691281
46,St Charles,183,758546,ST CHARLES,212907,283883,379787.859411,593.41853033,St Charles,1,1536953631.6687,260793.148036383
47,Johnson,101,758505,JOHNSON,42514,48258,533022.838647,832.84818539,Warrensburg,4,2157102110.60876,191728.961656168
48,Pettis,159,758534,PETTIS,35437,39403,438898.923867,685.77956854,Sedalia,4,1776168654.85229,173417.683182816
49,St Louis,189,758549,ST LOUIS,993529,1016315,334855.242177,523.2113159,Clayton,1,1355117453.41919,221811.123012489
50,Cass,037,758473,CASS,63808,82092,449288.664803,702.01353875,Harrisonville,1,1818332160.82483,201739.837485215
51,Moniteau,135,758522,MONITEAU,12298,14827,267808.918367,418.45143495,California,3,1083838946.48621,159143.759135777
52,St Louis City,510,765765,ST LOUIS CITY,396685,348189,42261.6511588,66.03382994, ,0,171027579.506348,66609.1184397261
53,Osage,151,758530,OSAGE,12018,13062,391825.608948,612.22751398,Linn,3,1585668887.2478,186584.292491106
54,Gasconade,073,758491,GASCONADE,14006,15342,336474.516913,525.74143268,Hermann,3,1361626063.49829,174008.801557574
55,Morgan,141,758525,MORGAN,15574,19309,392445.93542,613.19677409,Versailles,3,1588180955.73572,190777.141739263
56,Cole,051,758480,COLE,63579,71397,255598.633488,399.37286483,Jefferson City,1,1034374315.90503,170700.947529985
57,Franklin,071,758490,FRANKLIN,80603,93807,594793.457644,929.36477757,Union,1,2407096472.65747,228737.907332792
58,Henry,083,758496,HENRY,20044,21997,468358.113573,731.80955246,Clinton,3,1895232073.74146,179386.291309004
59,Benton,015,758462,BENTON,13859,17180,481212.91072,751.895173,Warsaw,3,1947408036.323,186084.303482438
60,Jefferson,099,758504,JEFFERSON,171380,198099,425193.490112,664.3648283,Hillsboro,1,1720670570.66406,205459.419066746
61,Bates,013,758461,BATES,15025,16653,544481.742289,850.75272233,Butler,3,2203792845.54517,232908.835417803
62,Miller,131,758520,MILLER,20700,23564,383871.410516,599.79907893,Tuscumbia,3,1553482666.19995,180693.987283384
63,Maries,125,758516,MARIES,7976,8903,339092.050748,529.83132929,Vienna,3,1372124904.92529,161533.619984257
64,Washington,221,758563,WASHINGTON,20380,23344,488225.87706,762.85293291,Potosi,3,1976020471.36719,182661.795159594
65,Crawford,055,758482,CRAWFORD,19173,22804,475706.074405,743.29074126,Steelville,3,1925023022.52124,190939.015895484
66,Camden,029,758469,CAMDEN,27495,37051,452980.336855,707.78177634,Camdenton,1,1832982630.28699,237885.342775034
67,St Clair,185,758547,ST CLAIR,8457,9652,449041.460561,701.62728213,Osceola,3,1817152664.49048,184959.08285535
68,Phelps,161,758535,PHELPS,35248,39825,431131.915306,673.64361767,Rolla,3,1745121769.60767,210113.608809691
69,Ste Genevieve,186,765806,STE GENEVIEVE,16037,17842,324758.892179,507.43576903,Ste Genevieve,3,1314448808.17236,175986.867804038
70,Hickory,085,758497,HICKORY,7335,8940,263351.2677,411.48635578,Hermitage,3,1065764191.09546,145332.825385429
71,Vernon,217,758561,VERNON,19041,20454,535271.970799,836.36245437,Nevada,3,2166303269.40088,207125.10201476
72,St Francois,187,758548,ST FRANCOIS,48904,55641,290742.537197,454.28521437,Farmington,1,1176242346.34229,197798.775267596
73,Pulaski,169,758539,PULASKI,41307,41165,353073.654249,551.67758476,Waynesville,3,1428550266.71094,154030.573655845
74,Perry,157,758533,PERRY,16648,18132,310113.410086,484.55220326,Perryville,3,1254977395.28149,189614.911934385
75,Cedar,039,758474,CEDAR,12093,13733,318866.966896,498.22963577,Stockton,3,1290409320.48962,152237.214979213
76,Dallas,059,758484,DALLAS,12646,15661,347546.294173,543.04108465,Buffalo,3,1406518941.81433,168396.583036523
77,Laclede,105,758507,LACLEDE,27158,32513,491026.122559,767.2283165,Lebanon,3,1987072871.84985,205553.424222215
78,Polk,167,758538,POLK,21826,26992,410806.811523,641.885643,Bolivar,3,1662352748.81165,170239.473674228
79,Dent,065,758487,DENT,13702,14927,482726.004223,754.2593816,Salem,3,1953941084.23682,215728.298986233
80,Iron,093,758501,IRON,10726,10697,353422.886779,552.22326059,Ironton,3,1430481083.2854,216270.272041054
81,Madison,123,758515,MADISON,11127,11800,318894.037727,498.27193395,Fredericktown,3,1290548650.71948,144302.423237356
82,Barton,011,758460,BARTON,11312,12541,381741.820546,596.4715946,Lamar,3,1544681315.20459,159990.170752513
83,Bollinger,017,758463,BOLLINGER,10619,12029,397881.991132,621.69061114,Marble Hill,3,1609931165.01196,188276.313539456
84,Cape Girardeau,031,758470,CAPE GIRARDEAU,61633,68693,375564.846339,586.82007241,Jackson,1,1523145064.47217,199606.697359529
85,Reynolds,179,758544,REYNOLDS,6661,6689,521083.045532,814.19225864,Centerville,3,2108561866.82471,228058.298185504
86,Texas,215,758560,TEXAS,21476,23003,754194.986845,1178.42966695,Houston,3,3051986185.08472,228465.87209804
87,Dade,057,758483,DADE,7449,7923,323801.523369,505.93988026,Greenfield,3,1310709810.00134,145814.143577172
88,Wright,229,758567,WRIGHT,16758,17955,437028.359969,682.85681245,Hartville,3,1768704093.15869,170955.78323861
89,Webster,225,758565,WEBSTER,23753,31045,379665.074353,593.22667868,Marshfield,3,1536478871.27991,162442.463553614
90,Shannon,203,758554,SHANNON,7613,8324,642240.158572,1003.50024777,Eminence,3,2598686417.41382,233961.398602135
91,Greene,077,758493,GREENE,207949,240391,433483.34502,677.31772659,Springfield,1,1754233981.93909,172781.814306396
92,Jasper,097,758503,JASPER,90465,104686,410152.832395,640.86380062,Carthage,1,1659983097.4248,167594.19223173
93,Wayne,223,758564,WAYNE,11543,13259,495570.69454,774.32921022,Greenville,3,2005439907.53687,206374.108730713
94,Scott,201,758553,SCOTT,39376,40422,272845.731311,426.32145517,Benton,3,1104699041.78418,173920.89790285
95,Lawrence,109,758509,LAWRENCE,30236,35204,392347.188642,613.04248225,Mount Vernon,3,1587526079.77332,159501.221549816
96,Stoddard,207,758556,STODDARD,28895,29705,531263.101476,830.09859606,Bloomfield,3,2149609067.47144,252584.181084099
97,Mississippi,133,758521,MISSISSIPPI,14442,13427,274913.407463,429.55219916,Charleston,3,1124930953.66748,194939.628880155
98,Carter,035,758472,CARTER,5515,5941,325779.365794,509.03025905,Van Buren,3,1318224666.53613,162554.831211861
99,Christian,043,758476,CHRISTIAN,32644,54285,360510.742518,563.29803518,Ozark,1,1459076903.82043,187304.234017767
100,Douglas,067,758488,DOUGLAS,11876,13084,521125.416156,814.25846274,Ava,3,2108396158.15491,203104.405079229
101,Newton,145,758527,NEWTON,44445,52636,400837.12724,626.30801131,Neosho,2,1621859837.62878,164585.439112576
102,Howell,091,758500,HOWELL,31447,37238,593713.560692,927.67743858,West Plains,3,2402812105.19751,204890.41282916
103,Stone,209,758557,STONE,19078,28658,326498.134668,510.15333542,Galena,3,1321550170.27795,165317.681838039
104,Butler,023,758466,BUTLER,38765,40867,447729.775371,699.57777402,Poplar Bluff,3,1812002162.28564,234423.896113687
105,Barry,009,758459,BARRY,27547,34010,505778.259649,790.2785307,Cassville,3,2046482812.15894,183278.603046934
106,New Madrid,143,758526,NEW MADRID,20928,19760,446582.604252,697.78531914,New Madrid,3,1807352273.10547,267440.621925073
107,Oregon,149,758529,OREGON,9470,10344,506394.402546,791.24125398,Alton,3,2050017349.54517,185209.744328935
108,Ripley,181,758545,RIPLEY,12303,13509,404284.098626,631.6939041,Doniphan,3,1636091470.91284,169621.651243313
109,Taney,213,758559,TANEY,25561,39703,416701.40801,651.09595001,Forsyth,1,1686456500.33984,166449.028272116
110,Ozark,153,758531,OZARK,8598,9542,483030.353872,754.73492793,Gainesville,3,1954798248.28967,183620.658687386
111,McDonald,119,758518,MCDONALD,16938,21681,345102.871821,539.22323722,Pineville,3,1396928787.23071,155042.255480004
112,Dunklin,069,758489,DUNKLIN,33112,33155,350410.474198,547.51636593,Kennett,3,1418414743.93848,274321.961663591
113,Pemiscot,155,758532,PEMISCOT,21921,20047,326247.923468,509.76238042,Caruthersville,3,1320522409.95386,189371.277913121
114,Marion,127,758517,MARION,27682,28289,284331.719607,444.26831189,Palmyra,3,1150631565.81396,152114.138425803
115,Monroe,137,758523,MONROE,9104,9311,428556.385958,669.61935306,Paris,3,1734336777.72363,172133.702469064
